protein_id,pdb_id,chain_id,protein_length,molecular_weight,hydrophobic_fraction,charged_fraction,residue_id,residue_type,residue_index_norm,residue_sasa_norm,residue_contact_count,qualitative_susceptibility
1TIT,1TIT,A,89.0,9782.1027,0.4044943820224719,0.24719101123595505,A:1,LEU,0.0,0.9985318506770309,4.0,low
1TIT,1TIT,A,89.0,9782.1027,0.4044943820224719,0.24719101123595505,A:2,ILE,0.011363636363636364,0.05560854380032573,9.0,low
1TIT,1TIT,A,89.0,9782.1027,0.4044943820224719,0.24719101123595505,A:3,GLU,0.022727272727272728,0.573012949091916,9.0,low
1TIT,1TIT,A,89.0,9782.1027,0.4044943820224719,0.24719101123595505,A:4,VAL,0.03409090909090909,0.16629861616319014,12.0,low
1TIT,1TIT,A,89.0,9782.1027,0.4044943820224719,0.24719101123595505,A:5,GLU,0.045454545454545456,0.5454575454984859,8.0,low
1TIT,1TIT,A,89.0,9782.1027,0.4044943820224719,0.24719101123595505,A:6,LYS,0.056818181818181816,0.6487401879389932,8.0,medium
1TIT,1TIT,A,89.0,9782.1027,0.4044943820224719,0.24719101123595505,A:7,PRO,0.06818181818181818,0.3513598680377664,11.0,medium
1TIT,1TIT,A,89.0,9782.1027,0.4044943820224719,0.24719101123595505,A:8,LEU,0.07954545454545454,0.035927353281836036,11.0,low
1TIT,1TIT,A,89.0,9782.1027,0.4044943820224719,0.24719101123595505,A:9,TYR,0.09090909090909091,0.7420930345656491,9.0,high
1TIT,1TIT,A,89.0,9782.1027,0.4044943820224719,0.24719101123595505,A:10,GLY,0.10227272727272728,0.2328789522420975,9.0,low
1TIT,1TIT,A,89.0,9782.1027,0.4044943820224719,0.24719101123595505,A:11,VAL,0.11363636363636363,0.2220399062687023,9.0,low
1TIT,1TIT,A,89.0,9782.1027,0.4044943820224719,0.24719101123595505,A:12,GLU,0.125,0.6235220497816013,9.0,low
1TIT,1TIT,A,89.0,9782.1027,0.4044943820224719,0.24719101123595505,A:13,VAL,0.13636363636363635,0.010154472036928782,12.0,low
1TIT,1TIT,A,89.0,9782.1027,0.4044943820224719,0.24719101123595505,A:14,PHE,0.14772727272727273,0.5169285035843983,11.0,medium
1TIT,1TIT,A,89.0,9782.1027,0.4044943820224719,0.24719101123595505,A:15,VAL,0.1590909090909091,0.2596614497782268,13.0,low
1TIT,1TIT,A,89.0,9782.1027,0.4044943820224719,0.24719101123595505,A:16,GLY,0.17045454545454544,0.18881363014249264,9.0,low
1TIT,1TIT,A,89.0,9782.1027,0.4044943820224719,0.24719101123595505,A:17,GLU,0.18181818181818182,0.49778499763289774,9.0,low
1TIT,1TIT,A,89.0,9782.1027,0.4044943820224719,0.24719101123595505,A:18,THR,0.19318181818181818,0.3242696968223264,10.0,medium
1TIT,1TIT,A,89.0,9782.1027,0.4044943820224719,0.24719101123595505,A:19,ALA,0.20454545454545456,0.0,12.0,low
1TIT,1TIT,A,89.0,9782.1027,0.4044943820224719,0.24719101123595505,A:20,HIS,0.2159090909090909,0.4629531115237687,9.0,high
1TIT,1TIT,A,89.0,9782.1027,0.4044943820224719,0.24719101123595505,A:21,PHE,0.22727272727272727,0.0,10.0,medium
1TIT,1TIT,A,89.0,9782.1027,0.4044943820224719,0.24719101123595505,A:22,GLU,0.23863636363636365,0.43253162835798536,11.0,low
1TIT,1TIT,A,89.0,9782.1027,0.4044943820224719,0.24719101123595505,A:23,ILE,0.25,0.010154472036928782,13.0,low
1TIT,1TIT,A,89.0,9782.1027,0.4044943820224719,0.24719101123595505,A:24,GLU,0.26136363636363635,0.30201521297469835,11.0,low
1TIT,1TIT,A,89.0,9782.1027,0.4044943820224719,0.24719101123595505,A:25,LEU,0.2727272727272727,0.04231207837540358,13.0,low
1TIT,1TIT,A,89.0,9782.1027,0.4044943820224719,0.24719101123595505,A:26,SER,0.2840909090909091,0.3488580344018873,9.0,medium
1TIT,1TIT,A,89.0,9782.1027,0.4044943820224719,0.24719101123595505,A:27,GLU,0.29545454545454547,0.5079221009943814,6.0,low
1TIT,1TIT,A,89.0,9782.1027,0.4044943820224719,0.24719101123595505,A:28,PRO,0.3068181818181818,0.43145601110007237,8.0,medium
1TIT,1TIT,A,89.0,9782.1027,0.4044943820224719,0.24719101123595505,A:29,ASP,0.3181818181818182,0.6412013763930918,6.0,low
1TIT,1TIT,A,89.0,9782.1027,0.4044943820224719,0.24719101123595505,A:30,VAL,0.32954545454545453,0.22118394072418443,8.0,low
1TIT,1TIT,A,89.0,9782.1027,0.4044943820224719,0.24719101123595505,A:31,HIS,0.3409090909090909,0.7866237751361952,7.0,high
1TIT,1TIT,A,89.0,9782.1027,0.4044943820224719,0.24719101123595505,A:32,GLY,0.3522727272727273,0.07276085517402917,8.0,low
1TIT,1TIT,A,89.0,9782.1027,0.4044943820224719,0.24719101123595505,A:33,GLN,0.36363636363636365,0.5717270467991515,8.0,medium
1TIT,1TIT,A,89.0,9782.1027,0.4044943820224719,0.24719101123595505,A:34,TRP,0.375,0.05008555313276317,10.0,high
1TIT,1TIT,A,89.0,9782.1027,0.4044943820224719,0.24719101123595505,A:35,LYS,0.38636363636363635,0.29163711924141567,11.0,medium
1TIT,1TIT,A,89.0,9782.1027,0.4044943820224719,0.24719101123595505,A:36,LEU,0.3977272727272727,0.17480331215678255,11.0,low
1TIT,1TIT,A,89.0,9782.1027,0.4044943820224719,0.24719101123595505,A:37,LYS,0.4090909090909091,0.8567524075465405,10.0,medium
1TIT,1TIT,A,89.0,9782.1027,0.4044943820224719,0.24719101123595505,A:38,GLY,0.42045454545454547,0.15944592932834836,8.0,low
1TIT,1TIT,A,89.0,9782.1027,0.4044943820224719,0.24719101123595505,A:39,GLN,0.4318181818181818,0.6563229174213769,6.0,medium
1TIT,1TIT,A,89.0,9782.1027,0.4044943820224719,0.24719101123595505,A:40,PRO,0.4431818181818182,0.4183491123614352,8.0,medium
1TIT,1TIT,A,89.0,9782.1027,0.4044943820224719,0.24719101123595505,A:41,LEU,0.45454545454545453,0.30077707453940755,5.0,low
1TIT,1TIT,A,89.0,9782.1027,0.4044943820224719,0.24719101123595505,A:42,THR,0.4659090909090909,0.4955962964028977,5.0,medium
1TIT,1TIT,A,89.0,9782.1027,0.4044943820224719,0.24719101123595505,A:43,ALA,0.4772727272727273,0.3140051197892733,8.0,low
1TIT,1TIT,A,89.0,9782.1027,0.4044943820224719,0.24719101123595505,A:44,SER,0.48863636363636365,0.32074857006176305,6.0,medium
1TIT,1TIT,A,89.0,9782.1027,0.4044943820224719,0.24719101123595505,A:45,PRO,0.5,0.676053112417015,5.0,medium
1TIT,1TIT,A,89.0,9782.1027,0.4044943820224719,0.24719101123595505,A:46,ASP,0.5113636363636364,0.33234811589571256,9.0,low
1TIT,1TIT,A,89.0,9782.1027,0.4044943820224719,0.24719101123595505,A:47,CYS,0.5227272727272727,0.03792921718883521,10.0,high
1TIT,1TIT,A,89.0,9782.1027,0.4044943820224719,0.24719101123595505,A:48,GLU,0.5340909090909091,0.3713730483811898,11.0,low
1TIT,1TIT,A,89.0,9782.1027,0.4044943820224719,0.24719101123595505,A:49,ILE,0.5454545454545454,0.20666788412810735,9.0,low
1TIT,1TIT,A,89.0,9782.1027,0.4044943820224719,0.24719101123595505,A:50,ILE,0.5568181818181818,0.5358794653623948,8.0,low
1TIT,1TIT,A,89.0,9782.1027,0.4044943820224719,0.24719101123595505,A:51,GLU,0.5681818181818182,0.27478212237273975,9.0,low
1TIT,1TIT,A,89.0,9782.1027,0.4044943820224719,0.24719101123595505,A:52,ASP,0.5795454545454546,0.5796018801839293,6.0,low
1TIT,1TIT,A,89.0,9782.1027,0.4044943820224719,0.24719101123595505,A:53,GLY,0.5909090909090909,0.02636471886069429,9.0,low
1TIT,1TIT,A,89.0,9782.1027,0.4044943820224719,0.24719101123595505,A:54,LYS,0.6022727272727273,0.7666554431940101,11.0,medium
1TIT,1TIT,A,89.0,9782.1027,0.4044943820224719,0.24719101123595505,A:55,LYS,0.6136363636363636,0.41568357895948727,10.0,medium
1TIT,1TIT,A,89.0,9782.1027,0.4044943820224719,0.24719101123595505,A:56,HIS,0.625,0.0,11.0,high
1TIT,1TIT,A,89.0,9782.1027,0.4044943820224719,0.24719101123595505,A:57,ILE,0.6363636363636364,0.22269743469626155,11.0,low
1TIT,1TIT,A,89.0,9782.1027,0.4044943820224719,0.24719101123595505,A:58,LEU,0.6477272727272727,0.0041932945002833575,13.0,low
1TIT,1TIT,A,89.0,9782.1027,0.4044943820224719,0.24719101123595505,A:59,ILE,0.6590909090909091,0.15691977954684627,12.0,low
1TIT,1TIT,A,89.0,9782.1027,0.4044943820224719,0.24719101123595505,A:60,LEU,0.6704545454545454,0.0293530615019835,12.0,low
1TIT,1TIT,A,89.0,9782.1027,0.4044943820224719,0.24719101123595505,A:61,HIS,0.6818181818181818,0.33744855150209263,12.0,high
1TIT,1TIT,A,89.0,9782.1027,0.4044943820224719,0.24719101123595505,A:62,ASN,0.6931818181818182,0.3010737687345977,10.0,medium
1TIT,1TIT,A,89.0,9782.1027,0.4044943820224719,0.24719101123595505,A:63,CYS,0.7045454545454546,0.0041932945002833575,15.0,high
1TIT,1TIT,A,89.0,9782.1027,0.4044943820224719,0.24719101123595505,A:64,GLN,0.7159090909090909,0.6118778416393648,8.0,medium
1TIT,1TIT,A,89.0,9782.1027,0.4044943820224719,0.24719101123595505,A:65,LEU,0.7272727272727273,0.40654486428117004,10.0,low
1TIT,1TIT,A,89.0,9782.1027,0.4044943820224719,0.24719101123595505,A:66,GLY,0.7386363636363636,0.3390343736012013,6.0,low
1TIT,1TIT,A,89.0,9782.1027,0.4044943820224719,0.24719101123595505,A:67,MET,0.75,0.11795966943936893,12.0,high
1TIT,1TIT,A,89.0,9782.1027,0.4044943820224719,0.24719101123595505,A:68,THR,0.7613636363636364,0.36377723036123866,9.0,medium
1TIT,1TIT,A,89.0,9782.1027,0.4044943820224719,0.24719101123595505,A:69,GLY,0.7727272727272727,0.08472762443167212,10.0,low
1TIT,1TIT,A,89.0,9782.1027,0.4044943820224719,0.24719101123595505,A:70,GLU,0.7840909090909091,0.3813059457442279,14.0,low
1TIT,1TIT,A,89.0,9782.1027,0.4044943820224719,0.24719101123595505,A:71,VAL,0.7954545454545454,0.008386589000566715,17.0,low
1TIT,1TIT,A,89.0,9782.1027,0.4044943820224719,0.24719101123595505,A:72,SER,0.8068181818181818,0.11188925534037145,13.0,medium
1TIT,1TIT,A,89.0,9782.1027,0.4044943820224719,0.24719101123595505,A:73,PHE,0.8181818181818182,0.0,11.0,medium
1TIT,1TIT,A,89.0,9782.1027,0.4044943820224719,0.24719101123595505,A:74,GLN,0.8295454545454546,0.5065403608317511,11.0,medium
1TIT,1TIT,A,89.0,9782.1027,0.4044943820224719,0.24719101123595505,A:75,ALA,0.8409090909090909,0.022171424360410936,10.0,low
1TIT,1TIT,A,89.0,9782.1027,0.4044943820224719,0.24719101123595505,A:76,ALA,0.8522727272727273,0.42868428065397535,8.0,low
1TIT,1TIT,A,89.0,9782.1027,0.4044943820224719,0.24719101123595505,A:77,ASN,0.8636363636363636,0.3882705985047059,8.0,medium
1TIT,1TIT,A,89.0,9782.1027,0.4044943820224719,0.24719101123595505,A:78,ALA,0.875,0.027351197594984323,10.0,low
1TIT,1TIT,A,89.0,9782.1027,0.4044943820224719,0.24719101123595505,A:79,LYS,0.8863636363636364,0.8035102217136233,10.0,medium
1TIT,1TIT,A,89.0,9782.1027,0.4044943820224719,0.24719101123595505,A:80,SER,0.8977272727272727,0.03573778659555103,12.0,medium
1TIT,1TIT,A,89.0,9782.1027,0.4044943820224719,0.24719101123595505,A:81,ALA,0.9090909090909091,0.3450168277652668,11.0,low
1TIT,1TIT,A,89.0,9782.1027,0.4044943820224719,0.24719101123595505,A:82,ALA,0.9204545454545454,0.04898983783612109,11.0,low
1TIT,1TIT,A,89.0,9782.1027,0.4044943820224719,0.24719101123595505,A:83,ASN,0.9318181818181818,0.4408682824166477,10.0,medium
1TIT,1TIT,A,89.0,9782.1027,0.4044943820224719,0.24719101123595505,A:84,LEU,0.9431818181818182,0.0,12.0,low
1TIT,1TIT,A,89.0,9782.1027,0.4044943820224719,0.24719101123595505,A:85,LYS,0.9545454545454546,0.6564692485120007,12.0,medium
1TIT,1TIT,A,89.0,9782.1027,0.4044943820224719,0.24719101123595505,A:86,VAL,0.9659090909090909,0.01586702939077634,14.0,low
1TIT,1TIT,A,89.0,9782.1027,0.4044943820224719,0.24719101123595505,A:87,LYS,0.9772727272727273,0.6199345498684447,9.0,medium
1TIT,1TIT,A,89.0,9782.1027,0.4044943820224719,0.24719101123595505,A:88,GLU,0.9886363636363636,0.5849060255408853,6.0,low
1TIT,1TIT,A,89.0,9782.1027,0.4044943820224719,0.24719101123595505,A:89,LEU,1.0,1.0,4.0,low
1TEN,1TEN,A,89.0,9895.8019,0.33707865168539325,0.29213483146067415,A:803,LEU,0.0,0.03845266668107977,11.0,low
1TEN,1TEN,A,89.0,9895.8019,0.33707865168539325,0.29213483146067415,A:804,ASP,0.011363636363636364,0.15252642576026676,9.0,low
1TEN,1TEN,A,89.0,9895.8019,0.33707865168539325,0.29213483146067415,A:805,ALA,0.022727272727272728,0.04815597195029797,12.0,low
1TEN,1TEN,A,89.0,9895.8019,0.33707865168539325,0.29213483146067415,A:806,PRO,0.03409090909090909,0.0,13.0,medium
1TEN,1TEN,A,89.0,9895.8019,0.33707865168539325,0.29213483146067415,A:807,SER,0.045454545454545456,0.13340001944065724,8.0,medium
1TEN,1TEN,A,89.0,9895.8019,0.33707865168539325,0.29213483146067415,A:808,GLN,0.056818181818181816,0.5089398934713268,7.0,medium
1TEN,1TEN,A,89.0,9895.8019,0.33707865168539325,0.29213483146067415,A:809,ILE,0.06818181818181818,0.008179716108525172,10.0,low
1TEN,1TEN,A,89.0,9895.8019,0.33707865168539325,0.29213483146067415,A:810,GLU,0.07954545454545454,0.3324577093356182,7.0,low
1TEN,1TEN,A,89.0,9895.8019,0.33707865168539325,0.29213483146067415,A:811,VAL,0.09090909090909091,0.007257391407672115,10.0,low
1TEN,1TEN,A,89.0,9895.8019,0.33707865168539325,0.29213483146067415,A:812,LYS,0.10227272727272728,0.4382361638101782,8.0,medium
1TEN,1TEN,A,89.0,9895.8019,0.33707865168539325,0.29213483146067415,A:813,ASP,0.11363636363636363,0.36960911171006794,7.0,low
1TEN,1TEN,A,89.0,9895.8019,0.33707865168539325,0.29213483146067415,A:814,VAL,0.125,0.0977551828843228,11.0,low
1TEN,1TEN,A,89.0,9895.8019,0.33707865168539325,0.29213483146067415,A:815,THR,0.13636363636363635,0.19388736028729955,7.0,medium
1TEN,1TEN,A,89.0,9895.8019,0.33707865168539325,0.29213483146067415,A:816,ASP,0.14772727272727273,0.421049907844135,9.0,low
1TEN,1TEN,A,89.0,9895.8019,0.33707865168539325,0.29213483146067415,A:817,THR,0.1590909090909091,0.1638142637566057,11.0,medium
1TEN,1TEN,A,89.0,9895.8019,0.33707865168539325,0.29213483146067415,A:818,THR,0.17045454545454544,0.15356995666027215,13.0,medium
1TEN,1TEN,A,89.0,9895.8019,0.33707865168539325,0.29213483146067415,A:819,ALA,0.18181818181818182,0.0,13.0,low
1TEN,1TEN,A,89.0,9895.8019,0.33707865168539325,0.29213483146067415,A:820,LEU,0.19318181818181818,0.08997687719377688,12.0,low
1TEN,1TEN,A,89.0,9895.8019,0.33707865168539325,0.29213483146067415,A:821,ILE,0.20454545454545456,0.0,12.0,low
1TEN,1TEN,A,89.0,9895.8019,0.33707865168539325,0.29213483146067415,A:822,THR,0.2159090909090909,0.024539148325575515,12.0,medium
1TEN,1TEN,A,89.0,9895.8019,0.33707865168539325,0.29213483146067415,A:823,TRP,0.22727272727272727,0.0,11.0,high
1TEN,1TEN,A,89.0,9895.8019,0.33707865168539325,0.29213483146067415,A:824,PHE,0.23863636363636365,0.6952758692246396,9.0,medium
1TEN,1TEN,A,89.0,9895.8019,0.33707865168539325,0.29213483146067415,A:825,LYS,0.25,0.40513580626891404,8.0,medium
1TEN,1TEN,A,89.0,9895.8019,0.33707865168539325,0.29213483146067415,A:826,PRO,0.26136363636363635,0.04354434844603269,12.0,medium
1TEN,1TEN,A,89.0,9895.8019,0.33707865168539325,0.29213483146067415,A:827,LEU,0.2727272727272727,0.9529738672965757,5.0,low
1TEN,1TEN,A,89.0,9895.8019,0.33707865168539325,0.29213483146067415,A:828,ALA,0.2840909090909091,0.17022916994011358,6.0,low
1TEN,1TEN,A,89.0,9895.8019,0.33707865168539325,0.29213483146067415,A:829,GLU,0.29545454545454547,0.8184274959667447,6.0,low
1TEN,1TEN,A,89.0,9895.8019,0.33707865168539325,0.29213483146067415,A:830,ILE,0.3068181818181818,0.05898145596222998,10.0,low
1TEN,1TEN,A,89.0,9895.8019,0.33707865168539325,0.29213483146067415,A:831,ASP,0.3181818181818182,0.3757821161955485,10.0,low
1TEN,1TEN,A,89.0,9895.8019,0.33707865168539325,0.29213483146067415,A:832,GLY,0.32954545454545453,0.0,12.0,low
1TEN,1TEN,A,89.0,9895.8019,0.33707865168539325,0.29213483146067415,A:833,ILE,0.3409090909090909,0.0,13.0,low
1TEN,1TEN,A,89.0,9895.8019,0.33707865168539325,0.29213483146067415,A:834,GLU,0.3522727272727273,0.04354434844603269,12.0,low
1TEN,1TEN,A,89.0,9895.8019,0.33707865168539325,0.29213483146067415,A:835,LEU,0.36363636363636365,0.0,12.0,low
1TEN,1TEN,A,89.0,9895.8019,0.33707865168539325,0.29213483146067415,A:836,THR,0.375,0.05633568805882314,11.0,medium
1TEN,1TEN,A,89.0,9895.8019,0.33707865168539325,0.29213483146067415,A:837,TYR,0.38636363636363635,0.05479201135388857,12.0,high
1TEN,1TEN,A,89.0,9895.8019,0.33707865168539325,0.29213483146067415,A:838,GLY,0.3977272727272727,0.0,11.0,low
1TEN,1TEN,A,89.0,9895.8019,0.33707865168539325,0.29213483146067415,A:839,ILE,0.4090909090909091,0.22085233493017964,12.0,low
1TEN,1TEN,A,89.0,9895.8019,0.33707865168539325,0.29213483146067415,A:840,LYS,0.42045454545454547,0.3589256023752329,9.0,medium
1TEN,1TEN,A,89.0,9895.8019,0.33707865168539325,0.29213483146067415,A:841,ASP,0.4318181818181818,0.3848841570049268,4.0,low
1TEN,1TEN,A,89.0,9895.8019,0.33707865168539325,0.29213483146067415,A:842,VAL,0.4431818181818182,0.4253452376433089,7.0,low
1TEN,1TEN,A,89.0,9895.8019,0.33707865168539325,0.29213483146067415,A:843,PRO,0.45454545454545453,0.38524777560238377,7.0,medium
1TEN,1TEN,A,89.0,9895.8019,0.33707865168539325,0.29213483146067415,A:844,GLY,0.4659090909090909,0.24305528483712152,4.0,low
1TEN,1TEN,A,89.0,9895.8019,0.33707865168539325,0.29213483146067415,A:845,ASP,0.4772727272727273,0.16980818267817013,8.0,low
1TEN,1TEN,A,89.0,9895.8019,0.33707865168539325,0.29213483146067415,A:846,ARG,0.48863636363636365,0.12933178103146817,9.0,medium
1TEN,1TEN,A,89.0,9895.8019,0.33707865168539325,0.29213483146067415,A:847,THR,0.5,0.2724551932855852,7.0,medium
1TEN,1TEN,A,89.0,9895.8019,0.33707865168539325,0.29213483146067415,A:848,THR,0.5113636363636364,0.22205316151560184,8.0,medium
1TEN,1TEN,A,89.0,9895.8019,0.33707865168539325,0.29213483146067415,A:849,ILE,0.5227272727272727,0.18813347049607893,7.0,low
1TEN,1TEN,A,89.0,9895.8019,0.33707865168539325,0.29213483146067415,A:850,ASP,0.5340909090909091,0.4731559762061337,8.0,low
1TEN,1TEN,A,89.0,9895.8019,0.33707865168539325,0.29213483146067415,A:851,LEU,0.5454545454545454,0.008179716108525172,9.0,low
1TEN,1TEN,A,89.0,9895.8019,0.33707865168539325,0.29213483146067415,A:852,THR,0.5568181818181818,0.37614573479300556,8.0,medium
1TEN,1TEN,A,89.0,9895.8019,0.33707865168539325,0.29213483146067415,A:853,GLU,0.5681818181818182,0.36194962895071353,10.0,low
1TEN,1TEN,A,89.0,9895.8019,0.33707865168539325,0.29213483146067415,A:854,ASP,0.5795454545454546,0.5799114003112208,5.0,low
1TEN,1TEN,A,89.0,9895.8019,0.33707865168539325,0.29213483146067415,A:855,GLU,0.5909090909090909,0.2442267461565974,7.0,low
1TEN,1TEN,A,89.0,9895.8019,0.33707865168539325,0.29213483146067415,A:856,ASN,0.6022727272727273,0.5060151129830736,9.0,medium
1TEN,1TEN,A,89.0,9895.8019,0.33707865168539325,0.29213483146067415,A:857,GLN,0.6136363636363636,0.6027974969558008,8.0,medium
1TEN,1TEN,A,89.0,9895.8019,0.33707865168539325,0.29213483146067415,A:858,TYR,0.625,0.09526841300059055,8.0,high
1TEN,1TEN,A,89.0,9895.8019,0.33707865168539325,0.29213483146067415,A:859,SER,0.6363636363636364,0.2375304441202822,8.0,medium
1TEN,1TEN,A,89.0,9895.8019,0.33707865168539325,0.29213483146067415,A:860,ILE,0.6477272727272727,0.015437107516197288,9.0,low
1TEN,1TEN,A,89.0,9895.8019,0.33707865168539325,0.29213483146067415,A:861,GLY,0.6590909090909091,0.06690105539616978,7.0,low
1TEN,1TEN,A,89.0,9895.8019,0.33707865168539325,0.29213483146067415,A:862,ASN,0.6704545454545454,0.6645751220531106,6.0,medium
1TEN,1TEN,A,89.0,9895.8019,0.33707865168539325,0.29213483146067415,A:863,LEU,0.6818181818181818,0.0,9.0,low
1TEN,1TEN,A,89.0,9895.8019,0.33707865168539325,0.29213483146067415,A:864,LYS,0.6931818181818182,0.7813139705295298,8.0,medium
1TEN,1TEN,A,89.0,9895.8019,0.33707865168539325,0.29213483146067415,A:865,PRO,0.7045454545454546,0.29446977990690615,7.0,medium
1TEN,1TEN,A,89.0,9895.8019,0.33707865168539325,0.29213483146067415,A:866,ASP,0.7159090909090909,0.6044505486367964,7.0,low
1TEN,1TEN,A,89.0,9895.8019,0.33707865168539325,0.29213483146067415,A:867,THR,0.7272727272727273,0.054491038657117026,8.0,medium
1TEN,1TEN,A,89.0,9895.8019,0.33707865168539325,0.29213483146067415,A:868,GLU,0.7386363636363636,0.3447866949640016,10.0,low
1TEN,1TEN,A,89.0,9895.8019,0.33707865168539325,0.29213483146067415,A:869,TYR,0.75,0.013933605899745792,12.0,high
1TEN,1TEN,A,89.0,9895.8019,0.33707865168539325,0.29213483146067415,A:870,GLU,0.7613636363636364,0.08708869689206537,12.0,low
1TEN,1TEN,A,89.0,9895.8019,0.33707865168539325,0.29213483146067415,A:871,VAL,0.7727272727272727,0.0,11.0,low
1TEN,1TEN,A,89.0,9895.8019,0.33707865168539325,0.29213483146067415,A:872,SER,0.7840909090909091,0.04929823823725331,11.0,medium
1TEN,1TEN,A,89.0,9895.8019,0.33707865168539325,0.29213483146067415,A:873,LEU,0.7954545454545454,0.008179716108525172,13.0,low
1TEN,1TEN,A,89.0,9895.8019,0.33707865168539325,0.29213483146067415,A:874,ILE,0.8068181818181818,0.12269574162787758,14.0,low
1TEN,1TEN,A,89.0,9895.8019,0.33707865168539325,0.29213483146067415,A:875,SER,0.8181818181818182,0.0,17.0,medium
1TEN,1TEN,A,89.0,9895.8019,0.33707865168539325,0.29213483146067415,A:876,ARG,0.8295454545454546,0.4397235783678939,14.0,medium
1TEN,1TEN,A,89.0,9895.8019,0.33707865168539325,0.29213483146067415,A:877,ARG,0.8409090909090909,0.5233647079211485,11.0,medium
1TEN,1TEN,A,89.0,9895.8019,0.33707865168539325,0.29213483146067415,A:878,GLY,0.8522727272727273,0.22364799336498206,6.0,low
1TEN,1TEN,A,89.0,9895.8019,0.33707865168539325,0.29213483146067415,A:879,ASP,0.8636363636363636,1.0,5.0,low
1TEN,1TEN,A,89.0,9895.8019,0.33707865168539325,0.29213483146067415,A:880,MET,0.875,0.5406613602638075,7.0,high
1TEN,1TEN,A,89.0,9895.8019,0.33707865168539325,0.29213483146067415,A:881,SER,0.8863636363636364,0.29228228038568765,10.0,medium
1TEN,1TEN,A,89.0,9895.8019,0.33707865168539325,0.29213483146067415,A:882,SER,0.8977272727272727,0.007257391407672115,10.0,medium
1TEN,1TEN,A,89.0,9895.8019,0.33707865168539325,0.29213483146067415,A:883,ASN,0.9090909090909091,0.5101461675263739,9.0,medium
1TEN,1TEN,A,89.0,9895.8019,0.33707865168539325,0.29213483146067415,A:884,PRO,0.9204545454545454,0.3850053632040791,8.0,medium
1TEN,1TEN,A,89.0,9895.8019,0.33707865168539325,0.29213483146067415,A:885,ALA,0.9318181818181818,0.08997687719377688,9.0,low
1TEN,1TEN,A,89.0,9895.8019,0.33707865168539325,0.29213483146067415,A:886,LYS,0.9431818181818182,0.6797666678526262,8.0,medium
1TEN,1TEN,A,89.0,9895.8019,0.33707865168539325,0.29213483146067415,A:887,GLU,0.9545454545454546,0.0781078622818395,8.0,low
1TEN,1TEN,A,89.0,9895.8019,0.33707865168539325,0.29213483146067415,A:888,THR,0.9659090909090909,0.3121720133864757,9.0,medium
1TEN,1TEN,A,89.0,9895.8019,0.33707865168539325,0.29213483146067415,A:889,PHE,0.9772727272727273,0.024539148325575515,8.0,medium
1TEN,1TEN,A,89.0,9895.8019,0.33707865168539325,0.29213483146067415,A:890,THR,0.9886363636363636,0.17510210175294466,8.0,medium
1TEN,1TEN,A,89.0,9895.8019,0.33707865168539325,0.29213483146067415,A:891,THR,1.0,0.13155537003895112,15.0,medium
2SPC,2SPC,A,107.0,12273.5792,0.40186915887850466,0.32710280373831774,A:0,GLN,0.0,0.47824054215884765,4.0,medium
2SPC,2SPC,A,107.0,12273.5792,0.40186915887850466,0.32710280373831774,A:1,ASN,0.009433962264150943,0.24181408164088136,5.0,medium
2SPC,2SPC,A,107.0,12273.5792,0.40186915887850466,0.32710280373831774,A:2,LEU,0.018867924528301886,0.5564614297687568,6.0,low
2SPC,2SPC,A,107.0,12273.5792,0.40186915887850466,0.32710280373831774,A:3,ASP,0.02830188679245283,0.16684360659439512,6.0,low
2SPC,2SPC,A,107.0,12273.5792,0.40186915887850466,0.32710280373831774,A:4,LEU,0.03773584905660377,0.006140449132001829,9.0,low
2SPC,2SPC,A,107.0,12273.5792,0.40186915887850466,0.32710280373831774,A:5,GLN,0.04716981132075472,0.2740696500729921,9.0,medium
2SPC,2SPC,A,107.0,12273.5792,0.40186915887850466,0.32710280373831774,A:6,LEU,0.05660377358490566,0.22719661788406764,8.0,low
2SPC,2SPC,A,107.0,12273.5792,0.40186915887850466,0.32710280373831774,A:7,TYR,0.0660377358490566,0.0,11.0,high
2SPC,2SPC,A,107.0,12273.5792,0.40186915887850466,0.32710280373831774,A:8,MET,0.07547169811320754,0.20092239641602241,8.0,high
2SPC,2SPC,A,107.0,12273.5792,0.40186915887850466,0.32710280373831774,A:9,ARG,0.08490566037735849,0.4466083475220733,8.0,medium
2SPC,2SPC,A,107.0,12273.5792,0.40186915887850466,0.32710280373831774,A:10,ASP,0.09433962264150944,0.061313502770965526,9.0,low
2SPC,2SPC,A,107.0,12273.5792,0.40186915887850466,0.32710280373831774,A:11,CYS,0.10377358490566038,0.0,9.0,high
2SPC,2SPC,A,107.0,12273.5792,0.40186915887850466,0.32710280373831774,A:12,GLU,0.11320754716981132,0.4455387208990793,8.0,low
2SPC,2SPC,A,107.0,12273.5792,0.40186915887850466,0.32710280373831774,A:13,LEU,0.12264150943396226,0.5048106042042204,8.0,low
2SPC,2SPC,A,107.0,12273.5792,0.40186915887850466,0.32710280373831774,A:14,ALA,0.1320754716981132,0.006140449132001829,10.0,low
2SPC,2SPC,A,107.0,12273.5792,0.40186915887850466,0.32710280373831774,A:15,GLU,0.14150943396226415,0.010896134334880415,8.0,low
2SPC,2SPC,A,107.0,12273.5792,0.40186915887850466,0.32710280373831774,A:16,SER,0.1509433962264151,0.3092460531640213,8.0,medium
2SPC,2SPC,A,107.0,12273.5792,0.40186915887850466,0.32710280373831774,A:17,TRP,0.16037735849056603,0.5453402521264579,8.0,high
2SPC,2SPC,A,107.0,12273.5792,0.40186915887850466,0.32710280373831774,A:18,MET,0.16981132075471697,0.0,9.0,high
2SPC,2SPC,A,107.0,12273.5792,0.40186915887850466,0.32710280373831774,A:19,SER,0.1792452830188679,0.059327345426333424,8.0,medium
2SPC,2SPC,A,107.0,12273.5792,0.40186915887850466,0.32710280373831774,A:20,ALA,0.18867924528301888,0.23474336404984916,8.0,low
2SPC,2SPC,A,107.0,12273.5792,0.40186915887850466,0.32710280373831774,A:21,ARG,0.19811320754716982,0.09626959089209737,8.0,medium
2SPC,2SPC,A,107.0,12273.5792,0.40186915887850466,0.32710280373831774,A:22,GLU,0.20754716981132076,0.0531868962943316,8.0,low
2SPC,2SPC,A,107.0,12273.5792,0.40186915887850466,0.32710280373831774,A:23,ALA,0.2169811320754717,0.1903539230920567,8.0,low
2SPC,2SPC,A,107.0,12273.5792,0.40186915887850466,0.32710280373831774,A:24,PHE,0.22641509433962265,0.4046897824012683,8.0,medium
2SPC,2SPC,A,107.0,12273.5792,0.40186915887850466,0.32710280373831774,A:25,LEU,0.2358490566037736,0.018421347396005486,8.0,low
2SPC,2SPC,A,107.0,12273.5792,0.40186915887850466,0.32710280373831774,A:26,ASN,0.24528301886792453,0.21447847619227747,8.0,medium
2SPC,2SPC,A,107.0,12273.5792,0.40186915887850466,0.32710280373831774,A:27,ALA,0.25471698113207547,0.2141323491064496,9.0,low
2SPC,2SPC,A,107.0,12273.5792,0.40186915887850466,0.32710280373831774,A:28,ASP,0.2641509433962264,0.08172100751160312,9.0,low
2SPC,2SPC,A,107.0,12273.5792,0.40186915887850466,0.32710280373831774,A:29,ASP,0.27358490566037735,0.294286615590824,7.0,low
2SPC,2SPC,A,107.0,12273.5792,0.40186915887850466,0.32710280373831774,A:30,ASP,0.2830188679245283,0.5002013696715869,6.0,low
2SPC,2SPC,A,107.0,12273.5792,0.40186915887850466,0.32710280373831774,A:31,ALA,0.29245283018867924,0.42411040642552955,6.0,low
2SPC,2SPC,A,107.0,12273.5792,0.40186915887850466,0.32710280373831774,A:32,ASN,0.3018867924528302,0.25332458037122685,7.0,medium
2SPC,2SPC,A,107.0,12273.5792,0.40186915887850466,0.32710280373831774,A:33,ALA,0.3113207547169811,0.30282024247298184,8.0,low
2SPC,2SPC,A,107.0,12273.5792,0.40186915887850466,0.32710280373831774,A:34,GLY,0.32075471698113206,0.18120165075208358,6.0,low
2SPC,2SPC,A,107.0,12273.5792,0.40186915887850466,0.32710280373831774,A:35,GLY,0.330188679245283,0.43952849273826394,6.0,low
2SPC,2SPC,A,107.0,12273.5792,0.40186915887850466,0.32710280373831774,A:36,ASN,0.33962264150943394,0.4110378950054763,6.0,medium
2SPC,2SPC,A,107.0,12273.5792,0.40186915887850466,0.32710280373831774,A:37,VAL,0.3490566037735849,0.5553017091470519,6.0,low
2SPC,2SPC,A,107.0,12273.5792,0.40186915887850466,0.32710280373831774,A:38,GLU,0.3584905660377358,0.7668928324217759,6.0,low
2SPC,2SPC,A,107.0,12273.5792,0.40186915887850466,0.32710280373831774,A:39,ALA,0.36792452830188677,0.2367079882898248,10.0,low
2SPC,2SPC,A,107.0,12273.5792,0.40186915887850466,0.32710280373831774,A:40,LEU,0.37735849056603776,0.28246066007208415,11.0,low
2SPC,2SPC,A,107.0,12273.5792,0.40186915887850466,0.32710280373831774,A:41,ILE,0.3867924528301887,0.538282377722476,8.0,low
2SPC,2SPC,A,107.0,12273.5792,0.40186915887850466,0.32710280373831774,A:42,LYS,0.39622641509433965,0.5785696025020829,8.0,medium
2SPC,2SPC,A,107.0,12273.5792,0.40186915887850466,0.32710280373831774,A:43,LYS,0.4056603773584906,0.14621105854633906,9.0,medium
2SPC,2SPC,A,107.0,12273.5792,0.40186915887850466,0.32710280373831774,A:44,HIS,0.41509433962264153,0.23483863366125204,8.0,high
2SPC,2SPC,A,107.0,12273.5792,0.40186915887850466,0.32710280373831774,A:45,GLU,0.42452830188679247,0.26099681917067385,8.0,low
2SPC,2SPC,A,107.0,12273.5792,0.40186915887850466,0.32710280373831774,A:46,ASP,0.4339622641509434,0.24931731432217905,8.0,low
2SPC,2SPC,A,107.0,12273.5792,0.40186915887850466,0.32710280373831774,A:47,PHE,0.44339622641509435,0.018421347396005486,8.0,medium
2SPC,2SPC,A,107.0,12273.5792,0.40186915887850466,0.32710280373831774,A:48,ASP,0.4528301886792453,0.049724986471523486,8.0,low
2SPC,2SPC,A,107.0,12273.5792,0.40186915887850466,0.32710280373831774,A:49,LYS,0.46226415094339623,0.4550812088774409,8.0,medium
2SPC,2SPC,A,107.0,12273.5792,0.40186915887850466,0.32710280373831774,A:50,ALA,0.4716981132075472,0.006140449132001829,8.0,low
2SPC,2SPC,A,107.0,12273.5792,0.40186915887850466,0.32710280373831774,A:51,ILE,0.4811320754716981,0.03070224566000914,8.0,low
2SPC,2SPC,A,107.0,12273.5792,0.40186915887850466,0.32710280373831774,A:52,ASN,0.49056603773584906,0.11179163673384081,8.0,medium
2SPC,2SPC,A,107.0,12273.5792,0.40186915887850466,0.32710280373831774,A:53,GLY,0.5,0.0825043780252175,8.0,low
2SPC,2SPC,A,107.0,12273.5792,0.40186915887850466,0.32710280373831774,A:54,HIS,0.5094339622641509,0.0,9.0,high
2SPC,2SPC,A,107.0,12273.5792,0.40186915887850466,0.32710280373831774,A:55,GLU,0.5188679245283019,0.14649642010537672,8.0,low
2SPC,2SPC,A,107.0,12273.5792,0.40186915887850466,0.32710280373831774,A:56,GLN,0.5283018867924528,0.4048927175359534,8.0,medium
2SPC,2SPC,A,107.0,12273.5792,0.40186915887850466,0.32710280373831774,A:57,LYS,0.5377358490566038,0.20181694675783324,9.0,medium
2SPC,2SPC,A,107.0,12273.5792,0.40186915887850466,0.32710280373831774,A:58,ILE,0.5471698113207547,0.018421347396005486,9.0,low
2SPC,2SPC,A,107.0,12273.5792,0.40186915887850466,0.32710280373831774,A:59,ALA,0.5566037735849056,0.06140449132001828,8.0,low
2SPC,2SPC,A,107.0,12273.5792,0.40186915887850466,0.32710280373831774,A:60,ALA,0.5660377358490566,0.030009863695447524,8.0,low
2SPC,2SPC,A,107.0,12273.5792,0.40186915887850466,0.32710280373831774,A:61,LEU,0.5754716981132075,0.012280898264003658,11.0,low
2SPC,2SPC,A,107.0,12273.5792,0.40186915887850466,0.32710280373831774,A:62,GLN,0.5849056603773585,0.1880990811626164,8.0,medium
2SPC,2SPC,A,107.0,12273.5792,0.40186915887850466,0.32710280373831774,A:63,THR,0.5943396226415094,0.1118218597561034,8.0,medium
2SPC,2SPC,A,107.0,12273.5792,0.40186915887850466,0.32710280373831774,A:64,VAL,0.6037735849056604,0.03070224566000914,9.0,low
2SPC,2SPC,A,107.0,12273.5792,0.40186915887850466,0.32710280373831774,A:65,ALA,0.6132075471698113,0.0,9.0,low
2SPC,2SPC,A,107.0,12273.5792,0.40186915887850466,0.32710280373831774,A:66,ASP,0.6226415094339622,0.21593652935297616,8.0,low
2SPC,2SPC,A,107.0,12273.5792,0.40186915887850466,0.32710280373831774,A:67,GLN,0.6320754716981132,0.31791846314206595,8.0,medium
2SPC,2SPC,A,107.0,12273.5792,0.40186915887850466,0.32710280373831774,A:68,LEU,0.6415094339622641,0.0,9.0,low
2SPC,2SPC,A,107.0,12273.5792,0.40186915887850466,0.32710280373831774,A:69,ILE,0.6509433962264151,0.04912359305601463,8.0,low
2SPC,2SPC,A,107.0,12273.5792,0.40186915887850466,0.32710280373831774,A:70,ALA,0.660377358490566,0.1105280843760329,8.0,low
2SPC,2SPC,A,107.0,12273.5792,0.40186915887850466,0.32710280373831774,A:71,GLN,0.6698113207547169,0.2599280870980218,8.0,medium
2SPC,2SPC,A,107.0,12273.5792,0.40186915887850466,0.32710280373831774,A:72,ASN,0.6792452830188679,0.03349330662291208,8.0,medium
2SPC,2SPC,A,107.0,12273.5792,0.40186915887850466,0.32710280373831774,A:73,HIS,0.6886792452830188,0.2028641457258289,8.0,high
2SPC,2SPC,A,107.0,12273.5792,0.40186915887850466,0.32710280373831774,A:74,TYR,0.6981132075471698,0.5951686230589136,8.0,high
2SPC,2SPC,A,107.0,12273.5792,0.40186915887850466,0.32710280373831774,A:75,ALA,0.7075471698113207,0.006140449132001829,8.0,low
2SPC,2SPC,A,107.0,12273.5792,0.40186915887850466,0.32710280373831774,A:76,SER,0.7169811320754716,0.0,8.0,medium
2SPC,2SPC,A,107.0,12273.5792,0.40186915887850466,0.32710280373831774,A:77,ASN,0.7264150943396226,0.1692668795739078,8.0,medium
2SPC,2SPC,A,107.0,12273.5792,0.40186915887850466,0.32710280373831774,A:78,LEU,0.7358490566037735,0.2756278289755207,8.0,low
2SPC,2SPC,A,107.0,12273.5792,0.40186915887850466,0.32710280373831774,A:79,VAL,0.7452830188679245,0.0,8.0,low
2SPC,2SPC,A,107.0,12273.5792,0.40186915887850466,0.32710280373831774,A:80,ASP,0.7547169811320755,0.06537680600928249,8.0,low
2SPC,2SPC,A,107.0,12273.5792,0.40186915887850466,0.32710280373831774,A:81,GLU,0.7641509433962265,0.3905476443582211,8.0,low
2SPC,2SPC,A,107.0,12273.5792,0.40186915887850466,0.32710280373831774,A:82,LYS,0.7735849056603774,0.08074754505035392,8.0,medium
2SPC,2SPC,A,107.0,12273.5792,0.40186915887850466,0.32710280373831774,A:83,ARG,0.7830188679245284,0.23135078187853148,8.0,medium
2SPC,2SPC,A,107.0,12273.5792,0.40186915887850466,0.32710280373831774,A:84,LYS,0.7924528301886793,0.3157029814276653,8.0,medium
2SPC,2SPC,A,107.0,12273.5792,0.40186915887850466,0.32710280373831774,A:85,GLN,0.8018867924528302,0.3617107917466997,8.0,medium
2SPC,2SPC,A,107.0,12273.5792,0.40186915887850466,0.32710280373831774,A:86,VAL,0.8113207547169812,0.03070224566000914,8.0,low
2SPC,2SPC,A,107.0,12273.5792,0.40186915887850466,0.32710280373831774,A:87,LEU,0.8207547169811321,0.14123033003604207,8.0,low
2SPC,2SPC,A,107.0,12273.5792,0.40186915887850466,0.32710280373831774,A:88,GLU,0.8301886792452831,0.16639351997955823,8.0,low
2SPC,2SPC,A,107.0,12273.5792,0.40186915887850466,0.32710280373831774,A:89,ARG,0.839622641509434,0.37026167067116383,8.0,medium
2SPC,2SPC,A,107.0,12273.5792,0.40186915887850466,0.32710280373831774,A:90,TRP,0.8490566037735849,0.04066370268060317,8.0,high
2SPC,2SPC,A,107.0,12273.5792,0.40186915887850466,0.32710280373831774,A:91,ARG,0.8584905660377359,0.5942993118160325,8.0,medium
2SPC,2SPC,A,107.0,12273.5792,0.40186915887850466,0.32710280373831774,A:92,HIS,0.8679245283018868,0.3606507495916538,8.0,high
2SPC,2SPC,A,107.0,12273.5792,0.40186915887850466,0.32710280373831774,A:93,LEU,0.8773584905660378,0.0,8.0,low
2SPC,2SPC,A,107.0,12273.5792,0.40186915887850466,0.32710280373831774,A:94,LYS,0.8867924528301887,0.31951101833630124,8.0,medium
2SPC,2SPC,A,107.0,12273.5792,0.40186915887850466,0.32710280373831774,A:95,GLU,0.8962264150943396,0.5797542427404524,8.0,low
2SPC,2SPC,A,107.0,12273.5792,0.40186915887850466,0.32710280373831774,A:96,GLY,0.9056603773584906,0.0,8.0,low
2SPC,2SPC,A,107.0,12273.5792,0.40186915887850466,0.32710280373831774,A:97,LEU,0.9150943396226415,0.006140449132001829,8.0,low
2SPC,2SPC,A,107.0,12273.5792,0.40186915887850466,0.32710280373831774,A:98,ILE,0.9245283018867925,0.31930335486409506,8.0,low
2SPC,2SPC,A,107.0,12273.5792,0.40186915887850466,0.32710280373831774,A:99,GLU,0.9339622641509434,0.46197391095045265,8.0,low
2SPC,2SPC,A,107.0,12273.5792,0.40186915887850466,0.32710280373831774,A:100,LYS,0.9433962264150944,0.04912359305601463,8.0,medium
2SPC,2SPC,A,107.0,12273.5792,0.40186915887850466,0.32710280373831774,A:101,ARG,0.9528301886792453,0.3347170323215735,7.0,medium
2SPC,2SPC,A,107.0,12273.5792,0.40186915887850466,0.32710280373831774,A:102,SER,0.9622641509433962,0.301811828651949,8.0,medium
2SPC,2SPC,A,107.0,12273.5792,0.40186915887850466,0.32710280373831774,A:103,ARG,0.9716981132075472,0.6319076778041807,7.0,medium
2SPC,2SPC,A,107.0,12273.5792,0.40186915887850466,0.32710280373831774,A:104,LEU,0.9811320754716981,0.2392955390499658,6.0,low
2SPC,2SPC,A,107.0,12273.5792,0.40186915887850466,0.32710280373831774,A:105,GLY,0.9905660377358491,0.28902052552148927,4.0,low
2SPC,2SPC,A,107.0,12273.5792,0.40186915887850466,0.32710280373831774,A:106,ASP,1.0,1.0,4.0,low
1UBQ,1UBQ,A,76.0,8564.735700000001,0.34210526315789475,0.2894736842105263,A:1,MET,0.0,0.04130387878235649,8.0,high
1UBQ,1UBQ,A,76.0,8564.735700000001,0.34210526315789475,0.2894736842105263,A:2,GLN,0.013333333333333334,0.38116535759506925,10.0,medium
1UBQ,1UBQ,A,76.0,8564.735700000001,0.34210526315789475,0.2894736842105263,A:3,ILE,0.02666666666666667,0.0,13.0,low
1UBQ,1UBQ,A,76.0,8564.735700000001,0.34210526315789475,0.2894736842105263,A:4,PHE,0.04,0.27142548914119974,12.0,medium
1UBQ,1UBQ,A,76.0,8564.735700000001,0.34210526315789475,0.2894736842105263,A:5,VAL,0.05333333333333334,0.0,12.0,low
1UBQ,1UBQ,A,76.0,8564.735700000001,0.34210526315789475,0.2894736842105263,A:6,LYS,0.06666666666666667,0.3438870566402847,12.0,medium
1UBQ,1UBQ,A,76.0,8564.735700000001,0.34210526315789475,0.2894736842105263,A:7,THR,0.08,0.09174753782341144,11.0,medium
1UBQ,1UBQ,A,76.0,8564.735700000001,0.34210526315789475,0.2894736842105263,A:8,LEU,0.09333333333333334,0.47519612127904354,7.0,low
1UBQ,1UBQ,A,76.0,8564.735700000001,0.34210526315789475,0.2894736842105263,A:9,THR,0.10666666666666667,0.40297137414633827,4.0,medium
1UBQ,1UBQ,A,76.0,8564.735700000001,0.34210526315789475,0.2894736842105263,A:10,GLY,0.12,0.2035957645196304,6.0,low
1UBQ,1UBQ,A,76.0,8564.735700000001,0.34210526315789475,0.2894736842105263,A:11,LYS,0.13333333333333333,0.3161723811578668,7.0,medium
1UBQ,1UBQ,A,76.0,8564.735700000001,0.34210526315789475,0.2894736842105263,A:12,THR,0.14666666666666667,0.12182820656433879,8.0,medium
1UBQ,1UBQ,A,76.0,8564.735700000001,0.34210526315789475,0.2894736842105263,A:13,ILE,0.16,0.029502770558826063,8.0,low
1UBQ,1UBQ,A,76.0,8564.735700000001,0.34210526315789475,0.2894736842105263,A:14,THR,0.17333333333333334,0.19076767743997733,8.0,medium
1UBQ,1UBQ,A,76.0,8564.735700000001,0.34210526315789475,0.2894736842105263,A:15,LEU,0.18666666666666668,0.011135776232322436,10.0,low
1UBQ,1UBQ,A,76.0,8564.735700000001,0.34210526315789475,0.2894736842105263,A:16,GLU,0.2,0.5741407387149906,7.0,low
1UBQ,1UBQ,A,76.0,8564.735700000001,0.34210526315789475,0.2894736842105263,A:17,VAL,0.21333333333333335,0.011801108223530424,9.0,low
1UBQ,1UBQ,A,76.0,8564.735700000001,0.34210526315789475,0.2894736842105263,A:18,GLU,0.22666666666666666,0.1951213162521399,7.0,low
1UBQ,1UBQ,A,76.0,8564.735700000001,0.34210526315789475,0.2894736842105263,A:19,PRO,0.24,0.1062099740117738,10.0,medium
1UBQ,1UBQ,A,76.0,8564.735700000001,0.34210526315789475,0.2894736842105263,A:20,SER,0.25333333333333335,0.09698275994396865,7.0,medium
1UBQ,1UBQ,A,76.0,8564.735700000001,0.34210526315789475,0.2894736842105263,A:21,ASP,0.26666666666666666,0.05235222120557223,10.0,low
1UBQ,1UBQ,A,76.0,8564.735700000001,0.34210526315789475,0.2894736842105263,A:22,THR,0.28,0.1718020930818858,11.0,medium
1UBQ,1UBQ,A,76.0,8564.735700000001,0.34210526315789475,0.2894736842105263,A:23,ILE,0.29333333333333333,0.0,13.0,low
1UBQ,1UBQ,A,76.0,8564.735700000001,0.34210526315789475,0.2894736842105263,A:24,GLU,0.30666666666666664,0.49162041495938436,10.0,low
1UBQ,1UBQ,A,76.0,8564.735700000001,0.34210526315789475,0.2894736842105263,A:25,ASN,0.32,0.20211970498948645,8.0,medium
1UBQ,1UBQ,A,76.0,8564.735700000001,0.34210526315789475,0.2894736842105263,A:26,VAL,0.3333333333333333,0.005900554111765212,10.0,low
1UBQ,1UBQ,A,76.0,8564.735700000001,0.34210526315789475,0.2894736842105263,A:27,LYS,0.3466666666666667,0.01603004333745165,10.0,medium
1UBQ,1UBQ,A,76.0,8564.735700000001,0.34210526315789475,0.2894736842105263,A:28,ALA,0.36,0.0472044328941217,9.0,low
1UBQ,1UBQ,A,76.0,8564.735700000001,0.34210526315789475,0.2894736842105263,A:29,LYS,0.37333333333333335,0.18290882704475075,9.0,medium
1UBQ,1UBQ,A,76.0,8564.735700000001,0.34210526315789475,0.2894736842105263,A:30,ILE,0.38666666666666666,0.011801108223530424,12.0,low
1UBQ,1UBQ,A,76.0,8564.735700000001,0.34210526315789475,0.2894736842105263,A:31,GLN,0.4,0.22171335144965132,11.0,medium
1UBQ,1UBQ,A,76.0,8564.735700000001,0.34210526315789475,0.2894736842105263,A:32,ASP,0.41333333333333333,0.5098125416676745,8.0,low
1UBQ,1UBQ,A,76.0,8564.735700000001,0.34210526315789475,0.2894736842105263,A:33,LYS,0.4266666666666667,0.35317223244671114,6.0,medium
1UBQ,1UBQ,A,76.0,8564.735700000001,0.34210526315789475,0.2894736842105263,A:34,GLU,0.44,0.15971799158154865,6.0,low
1UBQ,1UBQ,A,76.0,8564.735700000001,0.34210526315789475,0.2894736842105263,A:35,GLY,0.4533333333333333,0.1619095470228726,7.0,low
1UBQ,1UBQ,A,76.0,8564.735700000001,0.34210526315789475,0.2894736842105263,A:36,ILE,0.4666666666666667,0.1416132986823651,9.0,low
1UBQ,1UBQ,A,76.0,8564.735700000001,0.34210526315789475,0.2894736842105263,A:37,PRO,0.48,0.11801108223530425,7.0,medium
1UBQ,1UBQ,A,76.0,8564.735700000001,0.34210526315789475,0.2894736842105263,A:38,PRO,0.49333333333333335,0.10620997401177384,10.0,medium
1UBQ,1UBQ,A,76.0,8564.735700000001,0.34210526315789475,0.2894736842105263,A:39,ASP,0.5066666666666667,0.2101616506226036,5.0,low
1UBQ,1UBQ,A,76.0,8564.735700000001,0.34210526315789475,0.2894736842105263,A:40,GLN,0.52,0.22162591764054462,10.0,medium
1UBQ,1UBQ,A,76.0,8564.735700000001,0.34210526315789475,0.2894736842105263,A:41,GLN,0.5333333333333333,0.0,12.0,medium
1UBQ,1UBQ,A,76.0,8564.735700000001,0.34210526315789475,0.2894736842105263,A:42,ARG,0.5466666666666666,0.432711394872572,10.0,medium
1UBQ,1UBQ,A,76.0,8564.735700000001,0.34210526315789475,0.2894736842105263,A:43,LEU,0.56,0.0,10.0,low
1UBQ,1UBQ,A,76.0,8564.735700000001,0.34210526315789475,0.2894736842105263,A:44,ILE,0.5733333333333334,0.12391163634706945,12.0,low
1UBQ,1UBQ,A,76.0,8564.735700000001,0.34210526315789475,0.2894736842105263,A:45,PHE,0.5866666666666667,0.059005541117652126,10.0,medium
1UBQ,1UBQ,A,76.0,8564.735700000001,0.34210526315789475,0.2894736842105263,A:46,ALA,0.6,0.2503097330407575,4.0,low
1UBQ,1UBQ,A,76.0,8564.735700000001,0.34210526315789475,0.2894736842105263,A:47,GLY,0.6133333333333333,0.3229582025868373,5.0,low
1UBQ,1UBQ,A,76.0,8564.735700000001,0.34210526315789475,0.2894736842105263,A:48,LYS,0.6266666666666667,0.4081237060686554,6.0,medium
1UBQ,1UBQ,A,76.0,8564.735700000001,0.34210526315789475,0.2894736842105263,A:49,GLN,0.64,0.3524360446860444,8.0,medium
1UBQ,1UBQ,A,76.0,8564.735700000001,0.34210526315789475,0.2894736842105263,A:50,LEU,0.6533333333333333,0.01570566636167167,10.0,low
1UBQ,1UBQ,A,76.0,8564.735700000001,0.34210526315789475,0.2894736842105263,A:51,GLU,0.6666666666666666,0.35807853398062184,7.0,low
1UBQ,1UBQ,A,76.0,8564.735700000001,0.34210526315789475,0.2894736842105263,A:52,ASP,0.68,0.19143300943118535,8.0,low
1UBQ,1UBQ,A,76.0,8564.735700000001,0.34210526315789475,0.2894736842105263,A:53,GLY,0.6933333333333334,0.04465123058788307,7.0,low
1UBQ,1UBQ,A,76.0,8564.735700000001,0.34210526315789475,0.2894736842105263,A:54,ARG,0.7066666666666667,0.5423643821186562,9.0,medium
1UBQ,1UBQ,A,76.0,8564.735700000001,0.34210526315789475,0.2894736842105263,A:55,THR,0.72,0.10487931002935785,12.0,medium
1UBQ,1UBQ,A,76.0,8564.735700000001,0.34210526315789475,0.2894736842105263,A:56,LEU,0.7333333333333333,0.0,13.0,low
1UBQ,1UBQ,A,76.0,8564.735700000001,0.34210526315789475,0.2894736842105263,A:57,SER,0.7466666666666667,0.19711731222576387,9.0,medium
1UBQ,1UBQ,A,76.0,8564.735700000001,0.34210526315789475,0.2894736842105263,A:58,ASP,0.76,0.39996031094507956,7.0,low
1UBQ,1UBQ,A,76.0,8564.735700000001,0.34210526315789475,0.2894736842105263,A:59,TYR,0.7733333333333333,0.09831342392638463,6.0,high
1UBQ,1UBQ,A,76.0,8564.735700000001,0.34210526315789475,0.2894736842105263,A:60,ASN,0.7866666666666666,0.33853916525026756,6.0,medium
1UBQ,1UBQ,A,76.0,8564.735700000001,0.34210526315789475,0.2894736842105263,A:61,ILE,0.8,0.0,9.0,low
1UBQ,1UBQ,A,76.0,8564.735700000001,0.34210526315789475,0.2894736842105263,A:62,GLN,0.8133333333333334,0.33196081491748497,7.0,medium
1UBQ,1UBQ,A,76.0,8564.735700000001,0.34210526315789475,0.2894736842105263,A:63,LYS,0.8266666666666667,0.5407342696200792,7.0,medium
1UBQ,1UBQ,A,76.0,8564.735700000001,0.34210526315789475,0.2894736842105263,A:64,GLU,0.84,0.36730574804842697,8.0,low
1UBQ,1UBQ,A,76.0,8564.735700000001,0.34210526315789475,0.2894736842105263,A:65,SER,0.8533333333333334,0.04587376891170572,9.0,medium
1UBQ,1UBQ,A,76.0,8564.735700000001,0.34210526315789475,0.2894736842105263,A:66,THR,0.8666666666666667,0.13854427374248507,9.0,medium
1UBQ,1UBQ,A,76.0,8564.735700000001,0.34210526315789475,0.2894736842105263,A:67,LEU,0.88,0.0,11.0,low
1UBQ,1UBQ,A,76.0,8564.735700000001,0.34210526315789475,0.2894736842105263,A:68,HIS,0.8933333333333333,0.284440785268582,10.0,high
1UBQ,1UBQ,A,76.0,8564.735700000001,0.34210526315789475,0.2894736842105263,A:69,LEU,0.9066666666666666,0.011801108223530424,12.0,low
1UBQ,1UBQ,A,76.0,8564.735700000001,0.34210526315789475,0.2894736842105263,A:70,VAL,0.92,0.1829171774647216,10.0,low
1UBQ,1UBQ,A,76.0,8564.735700000001,0.34210526315789475,0.2894736842105263,A:71,LEU,0.9333333333333333,0.3559831925694033,7.0,low
1UBQ,1UBQ,A,76.0,8564.735700000001,0.34210526315789475,0.2894736842105263,A:72,ARG,0.9466666666666667,0.5400482457793846,8.0,medium
1UBQ,1UBQ,A,76.0,8564.735700000001,0.34210526315789475,0.2894736842105263,A:73,LEU,0.96,0.5117386642741893,6.0,low
1UBQ,1UBQ,A,76.0,8564.735700000001,0.34210526315789475,0.2894736842105263,A:74,ARG,0.9733333333333334,1.0,5.0,medium
1UBQ,1UBQ,A,76.0,8564.735700000001,0.34210526315789475,0.2894736842105263,A:75,GLY,0.9866666666666667,0.270119630818109,3.0,low
1UBQ,1UBQ,A,76.0,8564.735700000001,0.34210526315789475,0.2894736842105263,A:76,GLY,1.0,0.6795813688868018,3.0,low
1PGA,1PGA,A,56.0,6195.7361,0.375,0.2857142857142857,A:1,MET,0.0,0.7390998836726171,6.0,high
1PGA,1PGA,A,56.0,6195.7361,0.375,0.2857142857142857,A:2,THR,0.01818181818181818,0.5879848832875324,8.0,medium
1PGA,1PGA,A,56.0,6195.7361,0.375,0.2857142857142857,A:3,TYR,0.03636363636363636,0.008027474847106256,13.0,high
1PGA,1PGA,A,56.0,6195.7361,0.375,0.2857142857142857,A:4,LYS,0.05454545454545454,0.3843853167878807,11.0,medium
1PGA,1PGA,A,56.0,6195.7361,0.375,0.2857142857142857,A:5,LEU,0.07272727272727272,0.0,12.0,low
1PGA,1PGA,A,56.0,6195.7361,0.375,0.2857142857142857,A:6,ILE,0.09090909090909091,0.37729131781399405,12.0,low
1PGA,1PGA,A,56.0,6195.7361,0.375,0.2857142857142857,A:7,LEU,0.10909090909090909,0.06862664022361319,11.0,low
1PGA,1PGA,A,56.0,6195.7361,0.375,0.2857142857142857,A:8,ASN,0.12727272727272726,0.36554104929871944,11.0,medium
1PGA,1PGA,A,56.0,6195.7361,0.375,0.2857142857142857,A:9,GLY,0.14545454545454545,0.02136694949106143,12.0,low
1PGA,1PGA,A,56.0,6195.7361,0.375,0.2857142857142857,A:10,LYS,0.16363636363636364,1.0,6.0,medium
1PGA,1PGA,A,56.0,6195.7361,0.375,0.2857142857142857,A:11,THR,0.18181818181818182,0.7591809336028423,4.0,medium
1PGA,1PGA,A,56.0,6195.7361,0.375,0.2857142857142857,A:12,LEU,0.2,0.24082424541318764,9.0,low
1PGA,1PGA,A,56.0,6195.7361,0.375,0.2857142857142857,A:13,LYS,0.21818181818181817,0.6984352521921855,9.0,medium
1PGA,1PGA,A,56.0,6195.7361,0.375,0.2857142857142857,A:14,GLY,0.23636363636363636,0.1723728564094416,7.0,low
1PGA,1PGA,A,56.0,6195.7361,0.375,0.2857142857142857,A:15,GLU,0.2545454545454545,0.6403186732096015,8.0,low
1PGA,1PGA,A,56.0,6195.7361,0.375,0.2857142857142857,A:16,THR,0.2727272727272727,0.2059988709745053,7.0,medium
1PGA,1PGA,A,56.0,6195.7361,0.375,0.2857142857142857,A:17,THR,0.2909090909090909,0.6023991708228269,8.0,medium
1PGA,1PGA,A,56.0,6195.7361,0.375,0.2857142857142857,A:18,THR,0.3090909090909091,0.1612167546848794,8.0,medium
1PGA,1PGA,A,56.0,6195.7361,0.375,0.2857142857142857,A:19,GLU,0.32727272727272727,0.814790451164134,8.0,low
1PGA,1PGA,A,56.0,6195.7361,0.375,0.2857142857142857,A:20,ALA,0.34545454545454546,0.0392322158854455,10.0,low
1PGA,1PGA,A,56.0,6195.7361,0.375,0.2857142857142857,A:21,VAL,0.36363636363636365,0.8269143606262463,7.0,low
1PGA,1PGA,A,56.0,6195.7361,0.375,0.2857142857142857,A:22,ASP,0.38181818181818183,0.1933266540733044,7.0,low
1PGA,1PGA,A,56.0,6195.7361,0.375,0.2857142857142857,A:23,ALA,0.4,0.04013737423553128,9.0,low
1PGA,1PGA,A,56.0,6195.7361,0.375,0.2857142857142857,A:24,ALA,0.41818181818181815,0.19992881358933706,6.0,low
1PGA,1PGA,A,56.0,6195.7361,0.375,0.2857142857142857,A:25,THR,0.43636363636363634,0.2540447697534771,9.0,medium
1PGA,1PGA,A,56.0,6195.7361,0.375,0.2857142857142857,A:26,ALA,0.45454545454545453,0.0,13.0,low
1PGA,1PGA,A,56.0,6195.7361,0.375,0.2857142857142857,A:27,GLU,0.4727272727272727,0.30547340132546047,9.0,low
1PGA,1PGA,A,56.0,6195.7361,0.375,0.2857142857142857,A:28,LYS,0.4909090909090909,0.7183994401316605,8.0,medium
1PGA,1PGA,A,56.0,6195.7361,0.375,0.2857142857142857,A:29,VAL,0.509090909090909,0.3433711017253975,8.0,low
1PGA,1PGA,A,56.0,6195.7361,0.375,0.2857142857142857,A:30,PHE,0.5272727272727272,0.032109899388425026,9.0,medium
1PGA,1PGA,A,56.0,6195.7361,0.375,0.2857142857142857,A:31,LYS,0.5454545454545454,0.44271607314307626,8.0,medium
1PGA,1PGA,A,56.0,6195.7361,0.375,0.2857142857142857,A:32,GLN,0.5636363636363636,0.6669812501242546,8.0,medium
1PGA,1PGA,A,56.0,6195.7361,0.375,0.2857142857142857,A:33,TYR,0.5818181818181818,0.4709336913871125,8.0,high
1PGA,1PGA,A,56.0,6195.7361,0.375,0.2857142857142857,A:34,ALA,0.6,0.008027474847106256,10.0,low
1PGA,1PGA,A,56.0,6195.7361,0.375,0.2857142857142857,A:35,ASN,0.6181818181818182,0.6281841551178785,9.0,medium
1PGA,1PGA,A,56.0,6195.7361,0.375,0.2857142857142857,A:36,ASP,0.6363636363636364,0.7507966078447389,7.0,low
1PGA,1PGA,A,56.0,6195.7361,0.375,0.2857142857142857,A:37,ASN,0.6545454545454545,0.2087987973990647,7.0,medium
1PGA,1PGA,A,56.0,6195.7361,0.375,0.2857142857142857,A:38,GLY,0.6727272727272727,0.2943292447507748,6.0,low
1PGA,1PGA,A,56.0,6195.7361,0.375,0.2857142857142857,A:39,VAL,0.6909090909090909,0.04985621547914334,10.0,low
1PGA,1PGA,A,56.0,6195.7361,0.375,0.2857142857142857,A:40,ASP,0.7090909090909091,0.7791669235291552,10.0,low
1PGA,1PGA,A,56.0,6195.7361,0.375,0.2857142857142857,A:41,GLY,0.7272727272727273,0.18529917922619815,8.0,low
1PGA,1PGA,A,56.0,6195.7361,0.375,0.2857142857142857,A:42,GLU,0.7454545454545455,0.9113742552449646,8.0,low
1PGA,1PGA,A,56.0,6195.7361,0.375,0.2857142857142857,A:43,TRP,0.7636363636363637,0.28980904967895943,8.0,high
1PGA,1PGA,A,56.0,6195.7361,0.375,0.2857142857142857,A:44,THR,0.7818181818181819,0.5100188065107916,7.0,medium
1PGA,1PGA,A,56.0,6195.7361,0.375,0.2857142857142857,A:45,TYR,0.8,0.40434891999973926,8.0,high
1PGA,1PGA,A,56.0,6195.7361,0.375,0.2857142857142857,A:46,ASP,0.8181818181818182,0.37953099164958837,8.0,low
1PGA,1PGA,A,56.0,6195.7361,0.375,0.2857142857142857,A:47,ASP,0.8363636363636363,0.5225657246370637,6.0,low
1PGA,1PGA,A,56.0,6195.7361,0.375,0.2857142857142857,A:48,ALA,0.8545454545454545,0.5780907908240531,5.0,low
1PGA,1PGA,A,56.0,6195.7361,0.375,0.2857142857142857,A:49,THR,0.8727272727272727,0.369931100709642,5.0,medium
1PGA,1PGA,A,56.0,6195.7361,0.375,0.2857142857142857,A:50,LYS,0.8909090909090909,0.30549094315395053,11.0,medium
1PGA,1PGA,A,56.0,6195.7361,0.375,0.2857142857142857,A:51,THR,0.9090909090909091,0.06059916537650694,12.0,medium
1PGA,1PGA,A,56.0,6195.7361,0.375,0.2857142857142857,A:52,PHE,0.9272727272727272,0.016054949694212513,13.0,medium
1PGA,1PGA,A,56.0,6195.7361,0.375,0.2857142857142857,A:53,THR,0.9454545454545454,0.20418855427433377,12.0,medium
1PGA,1PGA,A,56.0,6195.7361,0.375,0.2857142857142857,A:54,VAL,0.9636363636363636,0.008027474847106256,14.0,low
1PGA,1PGA,A,56.0,6195.7361,0.375,0.2857142857142857,A:55,THR,0.9818181818181818,0.24873276995662819,10.0,medium
1PGA,1PGA,A,56.0,6195.7361,0.375,0.2857142857142857,A:56,GLU,1.0,0.4747457813155468,9.0,low
