protein_id,pdb_id,chain_id,protein_length,molecular_weight,hydrophobic_fraction,charged_fraction,residue_id,residue_type,residue_index_norm,residue_sasa_norm,residue_contact_count,qualitative_susceptibility,_inverse_packing,_susceptibility_score,_candidate_score,proxy_rank
1PGA,1PGA,A,56.0,6195.7361,0.375,0.2857142857142857,A:10,LYS,0.16363636363636364,1.0,6.0,medium,0.5714285714285714,0.6,0.7714285714285715,1.0
1PGA,1PGA,A,56.0,6195.7361,0.375,0.2857142857142857,A:1,MET,0.0,0.7390998836726171,6.0,high,0.5714285714285714,1.0,0.7540235190812491,2.0
1PGA,1PGA,A,56.0,6195.7361,0.375,0.2857142857142857,A:11,THR,0.18181818181818182,0.7591809336028423,4.0,medium,0.7142857142857143,0.6,0.7059171344069933,3.0
1PGA,1PGA,A,56.0,6195.7361,0.375,0.2857142857142857,A:28,LYS,0.4909090909090909,0.7183994401316605,8.0,medium,0.4285714285714286,0.6,0.6018511766306758,4.0
1PGA,1PGA,A,56.0,6195.7361,0.375,0.2857142857142857,A:42,GLU,0.7454545454545455,0.9113742552449646,8.0,low,0.4285714285714286,0.25,0.6011898434316627,5.0
1PGA,1PGA,A,56.0,6195.7361,0.375,0.2857142857142857,A:33,TYR,0.5818181818181818,0.4709336913871125,8.0,high,0.4285714285714286,1.0,0.5904915896956292,6.0
1PGA,1PGA,A,56.0,6195.7361,0.375,0.2857142857142857,A:21,VAL,0.36363636363636365,0.8269143606262463,7.0,low,0.5,0.25,0.5846114622818108,7.0
1PGA,1PGA,A,56.0,6195.7361,0.375,0.2857142857142857,A:32,GLN,0.5636363636363636,0.6669812501242546,8.0,medium,0.4285714285714286,0.6,0.5787129911273432,8.0
1PGA,1PGA,A,56.0,6195.7361,0.375,0.2857142857142857,A:13,LYS,0.21818181818181817,0.6984352521921855,9.0,medium,0.3571428571428571,0.6,0.5714387206293406,9.0
1PGA,1PGA,A,56.0,6195.7361,0.375,0.2857142857142857,A:45,TYR,0.8,0.40434891999973926,8.0,high,0.4285714285714286,1.0,0.5605284425713113,10.0
1TEN,1TEN,A,89.0,9895.8019,0.33707865168539325,0.29213483146067415,A:879,ASP,0.8636363636363636,1.0,5.0,low,0.7058823529411764,0.25,0.7242647058823529,1.0
1TEN,1TEN,A,89.0,9895.8019,0.33707865168539325,0.29213483146067415,A:827,LEU,0.2727272727272727,0.9529738672965757,5.0,low,0.7058823529411764,0.25,0.703102946165812,2.0
1TEN,1TEN,A,89.0,9895.8019,0.33707865168539325,0.29213483146067415,A:880,MET,0.875,0.5406613602638075,7.0,high,0.5882352941176471,1.0,0.6697682003540075,3.0
1TEN,1TEN,A,89.0,9895.8019,0.33707865168539325,0.29213483146067415,A:864,LYS,0.6931818181818182,0.7813139705295298,8.0,medium,0.5294117647058824,0.6,0.6604148161500532,4.0
1TEN,1TEN,A,89.0,9895.8019,0.33707865168539325,0.29213483146067415,A:862,ASN,0.6704545454545454,0.6645751220531106,6.0,medium,0.6470588235294117,0.6,0.6431764519827233,5.0
1TEN,1TEN,A,89.0,9895.8019,0.33707865168539325,0.29213483146067415,A:829,GLU,0.29545454545454547,0.8184274959667447,6.0,low,0.6470588235294117,0.25,0.6249100202438587,6.0
1TEN,1TEN,A,89.0,9895.8019,0.33707865168539325,0.29213483146067415,A:886,LYS,0.9431818181818182,0.6797666678526262,8.0,medium,0.5294117647058824,0.6,0.6147185299454465,7.0
1TEN,1TEN,A,89.0,9895.8019,0.33707865168539325,0.29213483146067415,A:824,PHE,0.23863636363636365,0.6952758692246396,9.0,medium,0.47058823529411764,0.6,0.6040506117393231,8.0
1TEN,1TEN,A,89.0,9895.8019,0.33707865168539325,0.29213483146067415,A:857,GLN,0.6136363636363636,0.6027974969558008,8.0,medium,0.5294117647058824,0.6,0.5800824030418751,9.0
1TEN,1TEN,A,89.0,9895.8019,0.33707865168539325,0.29213483146067415,A:808,GLN,0.056818181818181816,0.5089398934713268,7.0,medium,0.5882352941176471,0.6,0.5554935402973912,10.0
1TIT,1TIT,A,89.0,9782.1027,0.4044943820224719,0.24719101123595505,A:31,HIS,0.3409090909090909,0.7866237751361952,7.0,high,0.5882352941176471,1.0,0.780451287046582,1.0
1TIT,1TIT,A,89.0,9782.1027,0.4044943820224719,0.24719101123595505,A:89,LEU,1.0,1.0,4.0,low,0.7647058823529411,0.25,0.7419117647058824,2.0
1TIT,1TIT,A,89.0,9782.1027,0.4044943820224719,0.24719101123595505,A:1,LEU,0.0,0.9985318506770309,4.0,low,0.7647058823529411,0.25,0.7412510975105462,3.0
1TIT,1TIT,A,89.0,9782.1027,0.4044943820224719,0.24719101123595505,A:9,TYR,0.09090909090909091,0.7420930345656491,9.0,high,0.47058823529411764,1.0,0.7251183361427774,4.0
1TIT,1TIT,A,89.0,9782.1027,0.4044943820224719,0.24719101123595505,A:45,PRO,0.5,0.676053112417015,5.0,medium,0.7058823529411764,0.6,0.6659886064700097,5.0
1TIT,1TIT,A,89.0,9782.1027,0.4044943820224719,0.24719101123595505,A:37,LYS,0.4090909090909091,0.8567524075465405,10.0,medium,0.4117647058823529,0.6,0.6590679951606491,6.0
1TIT,1TIT,A,89.0,9782.1027,0.4044943820224719,0.24719101123595505,A:39,GLN,0.4318181818181818,0.6563229174213769,6.0,medium,0.6470588235294117,0.6,0.6394629598984432,7.0
1TIT,1TIT,A,89.0,9782.1027,0.4044943820224719,0.24719101123595505,A:79,LYS,0.8863636363636364,0.8035102217136233,10.0,medium,0.4117647058823529,0.6,0.6351090115358363,8.0
1TIT,1TIT,A,89.0,9782.1027,0.4044943820224719,0.24719101123595505,A:54,LYS,0.6022727272727273,0.7666554431940101,11.0,medium,0.3529411764705882,0.6,0.600877302378481,9.0
1TIT,1TIT,A,89.0,9782.1027,0.4044943820224719,0.24719101123595505,A:6,LYS,0.056818181818181816,0.6487401879389932,8.0,medium,0.5294117647058824,0.6,0.6007566139843117,10.0
1UBQ,1UBQ,A,76.0,8564.735700000001,0.34210526315789475,0.2894736842105263,A:74,ARG,0.9733333333333334,1.0,5.0,medium,0.6153846153846154,0.6,0.7846153846153846,1.0
1UBQ,1UBQ,A,76.0,8564.735700000001,0.34210526315789475,0.2894736842105263,A:76,GLY,1.0,0.6795813688868018,3.0,low,0.7692307692307692,0.25,0.5990808467682915,2.0
1UBQ,1UBQ,A,76.0,8564.735700000001,0.34210526315789475,0.2894736842105263,A:9,THR,0.10666666666666667,0.40297137414633827,4.0,medium,0.6923076923076923,0.6,0.53902942605816,3.0
1UBQ,1UBQ,A,76.0,8564.735700000001,0.34210526315789475,0.2894736842105263,A:63,LYS,0.8266666666666667,0.5407342696200792,7.0,medium,0.46153846153846156,0.6,0.5317919597905741,4.0
1UBQ,1UBQ,A,76.0,8564.735700000001,0.34210526315789475,0.2894736842105263,A:72,ARG,0.9466666666666667,0.5400482457793846,8.0,medium,0.3846153846153846,0.6,0.5084063259853384,5.0
1UBQ,1UBQ,A,76.0,8564.735700000001,0.34210526315789475,0.2894736842105263,A:48,LYS,0.6266666666666667,0.4081237060686554,6.0,medium,0.5384615384615384,0.6,0.49519412926935646,6.0
1UBQ,1UBQ,A,76.0,8564.735700000001,0.34210526315789475,0.2894736842105263,A:54,ARG,0.7066666666666667,0.5423643821186562,9.0,medium,0.3076923076923077,0.6,0.4863716642610876,7.0
1UBQ,1UBQ,A,76.0,8564.735700000001,0.34210526315789475,0.2894736842105263,A:33,LYS,0.4266666666666667,0.35317223244671114,6.0,medium,0.5384615384615384,0.6,0.47046596613948155,8.0
1UBQ,1UBQ,A,76.0,8564.735700000001,0.34210526315789475,0.2894736842105263,A:60,ASN,0.7866666666666666,0.33853916525026756,6.0,medium,0.5384615384615384,0.6,0.4638810859010819,9.0
1UBQ,1UBQ,A,76.0,8564.735700000001,0.34210526315789475,0.2894736842105263,A:16,GLU,0.2,0.5741407387149906,7.0,low,0.46153846153846156,0.25,0.4593248708832843,10.0
2SPC,2SPC,A,107.0,12273.5792,0.40186915887850466,0.32710280373831774,A:106,ASP,1.0,1.0,4.0,low,0.6363636363636364,0.25,0.7034090909090909,1.0
2SPC,2SPC,A,107.0,12273.5792,0.40186915887850466,0.32710280373831774,A:74,TYR,0.6981132075471698,0.5951686230589136,8.0,high,0.2727272727272727,1.0,0.5996440621946929,2.0
2SPC,2SPC,A,107.0,12273.5792,0.40186915887850466,0.32710280373831774,A:17,TRP,0.16037735849056603,0.5453402521264579,8.0,high,0.2727272727272727,1.0,0.5772212952750879,3.0
2SPC,2SPC,A,107.0,12273.5792,0.40186915887850466,0.32710280373831774,A:0,GLN,0.0,0.47824054215884765,4.0,medium,0.6363636363636364,0.6,0.5561173348805724,4.0
2SPC,2SPC,A,107.0,12273.5792,0.40186915887850466,0.32710280373831774,A:38,GLU,0.3584905660377358,0.7668928324217759,6.0,low,0.4545454545454546,0.25,0.5439654109534355,5.0
2SPC,2SPC,A,107.0,12273.5792,0.40186915887850466,0.32710280373831774,A:103,ARG,0.9716981132075472,0.6319076778041807,7.0,medium,0.36363636363636365,0.6,0.5434493641027903,6.0
2SPC,2SPC,A,107.0,12273.5792,0.40186915887850466,0.32710280373831774,A:91,ARG,0.8584905660377359,0.5942993118160325,8.0,medium,0.2727272727272727,0.6,0.4992528721353964,7.0
2SPC,2SPC,A,107.0,12273.5792,0.40186915887850466,0.32710280373831774,A:92,HIS,0.8679245283018868,0.3606507495916538,8.0,high,0.2727272727272727,1.0,0.494111019134426,8.0
2SPC,2SPC,A,107.0,12273.5792,0.40186915887850466,0.32710280373831774,A:42,LYS,0.39622641509433965,0.5785696025020829,8.0,medium,0.2727272727272727,0.6,0.49217450294411913,9.0
2SPC,2SPC,A,107.0,12273.5792,0.40186915887850466,0.32710280373831774,A:36,ASN,0.33962264150943394,0.4110378950054763,6.0,medium,0.4545454545454546,0.6,0.47133068911610077,10.0
